{"cameraMode":{"drawMode":0,"name":"Shaded","section":"Shading Mode"},"sceneLighting":false,"audioPlay":false,"sceneViewState":{"m_AlwaysRefresh":false,"showFog":true,"showSkybox":false,"showFlares":true,"showImageEffects":true,"showParticleSystems":true,"showVisualEffectGraphs":true,"m_FxEnabled":true},"in2DMode":false,"pivot":{"x":1.2179815769195557,"y":-5.062044620513916,"z":-15.514095306396485},"rotation":{"x":-0.0031280892435461284,"y":-0.9866968989372253,"z":0.16286909580230714,"w":-0.034683384001255038},"size":12.12435531616211,"orthographic":false}