{"cameraMode":{"drawMode":0,"name":"Shaded","section":"Shading Mode"},"sceneLighting":false,"audioPlay":false,"sceneViewState":{"m_AlwaysRefresh":false,"showFog":true,"showSkybox":false,"showFlares":true,"showImageEffects":true,"showParticleSystems":true,"showVisualEffectGraphs":true,"m_FxEnabled":true},"in2DMode":false,"pivot":{"x":-0.46490341424942019,"y":0.26095032691955569,"z":1.6568537950515748},"rotation":{"x":-0.00627165799960494,"y":-0.904608428478241,"z":0.018616698682308198,"w":-0.4272901117801666},"size":0.8061553835868836,"orthographic":false}