{"cameraMode":{"drawMode":0,"name":"Shaded","section":"Shading Mode"},"sceneLighting":true,"audioPlay":false,"sceneViewState":{"m_AlwaysRefresh":false,"showFog":true,"showSkybox":true,"showFlares":true,"showImageEffects":true,"showParticleSystems":true,"showVisualEffectGraphs":true,"m_FxEnabled":true},"in2DMode":false,"pivot":{"x":-22.010225296020509,"y":24.04506492614746,"z":27.490015029907228},"rotation":{"x":-0.08402369171380997,"y":-0.8981674909591675,"z":0.1752607226371765,"w":-0.39711713790893557},"size":2.2209393978118898,"orthographic":false}