{"cameraMode":{"drawMode":0,"name":"Shaded","section":"Shading Mode"},"sceneLighting":true,"audioPlay":false,"sceneViewState":{"m_AlwaysRefresh":false,"showFog":true,"showSkybox":true,"showFlares":true,"showImageEffects":true,"showParticleSystems":true,"showVisualEffectGraphs":true,"m_FxEnabled":true},"in2DMode":false,"pivot":{"x":784.996826171875,"y":673.9684448242188,"z":-592.7698974609375},"rotation":{"x":0.06428864598274231,"y":0.025631019845604898,"z":0.001804951811209321,"w":0.9985435009002686},"size":105.86335754394531,"orthographic":false}