{"cameraMode":{"drawMode":0,"name":"Shaded","section":"Shading Mode"},"sceneLighting":true,"audioPlay":false,"sceneViewState":{"m_AlwaysRefresh":false,"showFog":true,"showSkybox":true,"showFlares":true,"showImageEffects":true,"showParticleSystems":true,"showVisualEffectGraphs":true,"m_FxEnabled":true},"in2DMode":false,"pivot":{"x":-444.13287353515627,"y":-195.0982208251953,"z":-767.2219848632813},"rotation":{"x":0.030011961236596109,"y":-0.9538214802742004,"z":0.12133815139532089,"w":0.2766106128692627},"size":419.08599853515627,"orthographic":false}