{"cameraMode":{"drawMode":0,"name":"Shaded","section":"Shading Mode"},"sceneLighting":false,"audioPlay":false,"sceneViewState":{"m_AlwaysRefresh":false,"showFog":true,"showSkybox":false,"showFlares":true,"showImageEffects":true,"showParticleSystems":true,"showVisualEffectGraphs":true,"m_FxEnabled":true},"in2DMode":false,"pivot":{"x":446.8815002441406,"y":263.7766418457031,"z":-113.51207733154297},"rotation":{"x":0.00900717917829752,"y":0.0016961322398856283,"z":-0.0015175373991951347,"w":1.000339150428772},"size":115.44696044921875,"orthographic":false}