{"cameraMode":{"drawMode":0,"name":"Shaded","section":"Shading Mode"},"sceneLighting":false,"audioPlay":false,"sceneViewState":{"m_AlwaysRefresh":false,"showFog":true,"showSkybox":false,"showFlares":true,"showImageEffects":true,"showParticleSystems":true,"showVisualEffectGraphs":true,"m_FxEnabled":true},"in2DMode":false,"pivot":{"x":1040.3175048828125,"y":701.3751220703125,"z":1017.687744140625},"rotation":{"x":-0.042459506541490558,"y":0.060851793736219409,"z":0.008838605135679245,"w":0.998187243938446},"size":973.5936279296875,"orthographic":false}