{"cameraMode":{"drawMode":0,"name":"Shaded","section":"Shading Mode"},"sceneLighting":true,"audioPlay":false,"sceneViewState":{"m_AlwaysRefresh":false,"showFog":true,"showSkybox":false,"showFlares":true,"showImageEffects":true,"showParticleSystems":true,"showVisualEffectGraphs":true,"m_FxEnabled":true},"in2DMode":false,"pivot":{"x":749.2247314453125,"y":28.428176879882814,"z":-303.41534423828127},"rotation":{"x":0.1230381429195404,"y":-0.09855972975492478,"z":-0.015729153528809549,"w":-0.9883489012718201},"size":0.7892852425575256,"orthographic":false}