{"cameraMode":{"drawMode":0,"name":"Shaded","section":"Shading Mode"},"sceneLighting":false,"audioPlay":false,"sceneViewState":{"m_AlwaysRefresh":false,"showFog":true,"showSkybox":false,"showFlares":true,"showImageEffects":true,"showParticleSystems":true,"showVisualEffectGraphs":true,"m_FxEnabled":true},"in2DMode":false,"pivot":{"x":-10.275383949279786,"y":-10.912162780761719,"z":13.409311294555664},"rotation":{"x":0.29178884625434878,"y":-0.5144206881523132,"z":0.19193458557128907,"w":0.783440887928009},"size":15.593362808227539,"orthographic":false}